{"version":76,"hash":{"type":"Buffer","data":"K4aAQPCxNUVlfdjNoEI9MWLGp3l68T6X1WClmNTmgfILqBbc7rfkoVjGU+RLTtgpLGhlrVmI3jTjRVGSkUyIQx8jnaJRp88hm/TZGpAJv3nIRsY+FYsiuFGsKM++V370pq9kPEHX66LfcmjlVPMYcFkt7XwM7BJ0OpuUZ47Ta7A="},"indexValueMap":{"Bqs3C/Ow1+geM0Ga11VUKpzyPYXSiuzP5EnUTBZz1S8=":{"valueMac":{"type":"Buffer","data":"vpSeOjG1swN6R3NwM4SPlkL8TJeE3fUIkeo6VvmEE8k="}},"D3ArfOASmZ0b/xcw1CLtJB3gzO+4vme7eGqR2jIYe0w=":{"valueMac":{"type":"Buffer","data":"YufSUaajpfUk1/ECpkzPegC0glC2oeclbVzw4x5US6E="}},"EnKjmB/v4S31Un05vgwk46jPAt+1NIn7LRfL93Tv24M=":{"valueMac":{"type":"Buffer","data":"eRw60mjKnMDnUnwnNI0KDVjNPqrXeL2PgLb/YWPfCEk="}},"Fon2zlQ15KAQYkk8AW5Q1lt8l0CI/2jKGGgUkwFg2Yk=":{"valueMac":{"type":"Buffer","data":"viBQVC0vcoEFL/BpLI+qJVVMTNJxx7PrJ+xxUsDtnZ0="}},"FvTTFW3jUuzAkSDeynaB7LOnn/bvBo88ZSjqzdeEfGQ=":{"valueMac":{"type":"Buffer","data":"W8+7k5IhVA+bEpzJrb1jjXBQPh3CbzmlkwIuXItX36k="}},"GbgB5bmyAZlEsg/CjAvyDCgGnFYV2ZzVaueZHzKUiYI=":{"valueMac":{"type":"Buffer","data":"jAU8zoc/Tkqr6AI0o2ihseG/yyawgLo3eRwDrs5eYds="}},"GqSniZLF/8bzbwyL+l0dONG5rs6W9yjn0vvCf5++xOE=":{"valueMac":{"type":"Buffer","data":"gz/MT+wIyluZtc8c1Y0qyq7ZWM/eYlD1RBabV/pfGRY="}},"HvrhEnD0+g7oP/exJ258SmV6+GeGrgegDr1lowtOsH4=":{"valueMac":{"type":"Buffer","data":"/hGD3Oatmc7AZRNodpEu4TQdPi3c5jQHPwHxmTpWLo8="}},"JUwntzArZxOf9BBO4QcavaLitieVsKooJtHbgPdpC+Y=":{"valueMac":{"type":"Buffer","data":"FYSghAjUQZ6+5GTVjX8F88pzTdYl2uQLTRfUMuxsybs="}},"KqVt8QhqYEUJgApAw1T22+YsHg7j7LmEeVnRma0ZAwA=":{"valueMac":{"type":"Buffer","data":"prPRgymPA6x9HwWLe33pyiRl5Ag3ZJPy6yFPnEZTb8I="}},"NjQMDo8WKljXC5ezOeVGSLumPApJuu0ntQFCfHHEgVk=":{"valueMac":{"type":"Buffer","data":"gOnv/jFVLlRLbgFCkO2OMtlPvbF9Qvt2WwxtZvHFfPo="}},"No0kDMCnkGPJfPuc1Ap7LbtwcnR6Y8+h/HcP3aVHafE=":{"valueMac":{"type":"Buffer","data":"Xzp1pJfQYhUymKCagrZumDV0JVCKFC4vVt+qqLjygOc="}},"N2h9Q1S/FEIZnsukJM3mv38NUeRdoJWwmu22Nwjf3Uo=":{"valueMac":{"type":"Buffer","data":"2SVk3cr/zewAX1vgK5IoSeLuI6UeS00iYk4l83qFqck="}},"PUD+llqrKsZUTPbGIb/2g00LFlcjcw5v6CNB+97GvhA=":{"valueMac":{"type":"Buffer","data":"tGmeDnwfveLo17IxMXbxN2CK0u8yyiaDYiqnVsxmlqg="}},"P/L+7kYi3C0QiECdyJxGiiZ7T5GtFRGSXz+c/3VzCfY=":{"valueMac":{"type":"Buffer","data":"OmcV5h676QhE8cwwCoroM2hbOLXj0NBN70jpavGxg5Q="}},"TZy+BSfnbl/HxN+x9vJic2M2ABmUyAO1j1TRIUaD50o=":{"valueMac":{"type":"Buffer","data":"A1JWEYAA3CS+Xmy9yXxfeBlSEt6I3Yuc3zIcjo9dB6M="}},"TiruedErKuqkGXCQVpmiO8DA5x1uIPBTb9V3VpzjTMM=":{"valueMac":{"type":"Buffer","data":"l15IURLAcYuWJ2p2hMWp+vvNi7umeG3nB14oh5wDDMQ="}},"T1JPw6LHbbWIznz0CUn5u/qlKBBkeCjZ2/qfAuWKpxc=":{"valueMac":{"type":"Buffer","data":"ddUzr5yKYMXfkDBxfNPSRFzY1BWkUkQJk8y1f7rcNEU="}},"VOubwRTu1r+Ct9xR7W1Q//BUDHZAvZQkJSG1MeRrMrY=":{"valueMac":{"type":"Buffer","data":"WqUt4iO0utOUT34puO7yfu1cqqb2a1/6lREdXLQjV5c="}},"V9SEFrk39OL66TFq1emXz9oUggQktLoREnWJ8wRJrVc=":{"valueMac":{"type":"Buffer","data":"30paEGL/AxArHiStxO1Y/PP83XZC3K/mWHkGTNX29X4="}},"W6IjFsiqut1eDQ5Spzabm+aZZGNoZNorKjgkOs3aNtY=":{"valueMac":{"type":"Buffer","data":"Q0wITdEDtKyyzwvaXySG9CQbOZBXFGpThsDJw+zGq8o="}},"YCGaVZwfhCFQLPWnie69UsZgT0xB6OhL1/vCCjVwDMU=":{"valueMac":{"type":"Buffer","data":"IE7X57Dx+8+WEYOmk4JONH8aVqmQ552WUMRTOamLRCY="}},"c4HAG8RZTifWYIldto/o/FSQ/4u7R2OXpsySfOuPqsg=":{"valueMac":{"type":"Buffer","data":"2T6oa2/NkpeZoxSLhCwS11ulSHIRmUVl9zpwBGaXjD8="}},"dcQFRU/ewx+fdZxwo4KFXOWltqPktMIlhVpxV3Eg/lE=":{"valueMac":{"type":"Buffer","data":"Ek06rtOZ3CD1WaWrzMdqMR4oXfUWJosHQStpJpsNjGo="}},"d5Nx/1QYbQ4xtDxF6wVHW8JzzqrysCEMdSlm++HCRPs=":{"valueMac":{"type":"Buffer","data":"OarSHfSVgs2sUhvmmo0Nwb5i+WZh7n4IEovHbiOso8s="}},"e5MamerwvuiNIE3Sq4kL+GUdqrXYlQhRNsc10TcXKyQ=":{"valueMac":{"type":"Buffer","data":"MO7F6s5BdrTuOBLCIeEpk+6sJwKRI9fqom/Az+P8bSw="}},"gI1KEHotRsxY2snAtzVSzuFT2NZVM5QHerJ0PD6hR08=":{"valueMac":{"type":"Buffer","data":"QStMlrMm88FGin3F0tdcI1jGSzbFRX3rS/DeRRJIcRw="}},"h0QuJIeCM6wWBgBIqdcpQDwkOIGvBRNlt8EarhPC9gk=":{"valueMac":{"type":"Buffer","data":"U5daV2wNINj1M+qBEWX9Ik5haSnJT6vA1NwcKPKDiy4="}},"iIAYLmAsoynRDUX58X2igFpHxj9Kg7ADMDbdJzkSseA=":{"valueMac":{"type":"Buffer","data":"9BKhJt29z/XLpwBxlsrafUiA1dkC5+50A3wne+x457g="}},"iLVMIdlWi1W/N5l0IeB3Jqk+WFXh8cIeq4AJBwdok7E=":{"valueMac":{"type":"Buffer","data":"8H0A9SOHVeZWt2M89GIBlMvvbx+8YSofOS0aYiiTk0Q="}},"i2n5o9rIvX5WR/ptatUlfrTmhAtdzM2XgxnIgRqePLw=":{"valueMac":{"type":"Buffer","data":"24IsiFiBFGTEVpkPoKB8XdmgS4XaclPmdU1Cw3F3rYM="}},"pR5AoTO5Qp00e46k8GF27KpzF9euNCTRWM19MgrGmPs=":{"valueMac":{"type":"Buffer","data":"qSUJVYuLZeiCZ8kdXxMQVKoTacOnTUIHcWNwV0TeMrw="}},"qI7soQSp8HDa2ay3mD3eJv7PcMo0xEzaB8edNSOMRno=":{"valueMac":{"type":"Buffer","data":"MTPvK5vv1frPyxY8SNOH+f6KSOTXMNZ7nDYwzRUnSUQ="}},"qvibItLHATVFOOdLv2q2ZUxBsbfMZpZqM5y0vxZFdKk=":{"valueMac":{"type":"Buffer","data":"9rLPKBRuPJpKAyGNjVzmGDtDyr4y5FNQuLRgisYd7NY="}},"rvc3HZp4SzfQ/IKu23218PaZ4cUmKZ3aq/X0OiXLnH4=":{"valueMac":{"type":"Buffer","data":"CpC1BtWagKuu8CkkrTfG61T77NgZIjefPWIhyvHh6HY="}},"s4v5KxFUoNuMrqZDnxLibX8pZCd/f8tvmDY6vKu7huA=":{"valueMac":{"type":"Buffer","data":"5tUZ+yEOlw0I4ri7lP8bgpEIsI9OP8YrEYlY6aclNZw="}},"uNdPGBnstLzvIk/sZTocDGcilE0w3BOFQOIP8VQMW9A=":{"valueMac":{"type":"Buffer","data":"rbfA5r0yfqAr3BgFM6FLhZgnwEzxuqlJ23/hh1QfOZ0="}},"vORPvkwYn6xNWhQBY0ISiecHW6hEVnBweNo4t9u8oP0=":{"valueMac":{"type":"Buffer","data":"joc5S1V63ql+IHfX+wyLL37+21Al5UGwR3L04Lb+0TY="}},"xL6w0pOCjimpiZOkc86fD4kFXUN/4WR9GVMjCR3PFlE=":{"valueMac":{"type":"Buffer","data":"6D7pS+rUKJ/gmfNMiQO2q/0SdotEo2rSNYODNCpT7u8="}},"xtHjzAXcYWjkP9SwYxrfwjwZRxIuj4ekhaMPG1a/qsM=":{"valueMac":{"type":"Buffer","data":"mujwJzCTC1iAYcVva89wFaOyns+oy9/kGLsmRiRsAv0="}},"0TQgqh/GKpQ43oI4/BW1rLnm4a4M2NcV+P2nwBBbHlk=":{"valueMac":{"type":"Buffer","data":"ztkQm/+74yQ/ppTs3HqJCashSyqmHIv3LXkUBo4OuBQ="}},"0uYyOproJEGU/SMEnSqnAjNLAJP0e5X3k32ChGuKPt0=":{"valueMac":{"type":"Buffer","data":"39dk1bHk8RB7B5mbAnZV+/EALyVsNHBvZe0gufXSrmo="}},"1ADf6ZeAx+QMUmKVDNaVsMHfiuiQGFADKnpu7H0btYg=":{"valueMac":{"type":"Buffer","data":"+I72kYPvREpSOKG4b7uYLU7AWY/40L1mZrvcugMmEx4="}},"3yqtSwjUVk7BBNjbQ1nUZ7RiQbTqyo1C9oE8aNbUjUI=":{"valueMac":{"type":"Buffer","data":"+/TqBkOmfB8NT61rfP3zNLjzXErkaDU7mytBBeuhYJE="}},"5bwbxSZ+JG9hwLTTuNF21Fa3goIcITy3UYF/Smn+LsQ=":{"valueMac":{"type":"Buffer","data":"DU6hymLpZoBKnhw/Jc6hHYTNkcqTwhb1OQFG7Gql31M="}},"5mCIhHF8tDvkQ7vtMpnWaglv6isvUNiQwrEhKd6G18w=":{"valueMac":{"type":"Buffer","data":"TAo0Zh3GVW1321ZLMKxtvRFqmhTa1912ZofAn24G2yk="}},"6RedKBuDLyD4ZL684Fd1WyFNANeztXHK3pAAEe+0aj0=":{"valueMac":{"type":"Buffer","data":"qu0YDGwzCizj3XvNfLObhz7508WUxxHbLF0h35EUS7Y="}},"6iYByZDYWLS2wWhQ3bqFpwsT8HQf+equZAecq1dYO6c=":{"valueMac":{"type":"Buffer","data":"UkN2zjTc6TK8q2rQbtXYuNHa91rEjy8gSfCpWXgd0y4="}},"7lFnJXLVoh8boljI/aoZdYf2IaoIXehdlZDNEHGzOpg=":{"valueMac":{"type":"Buffer","data":"KdMhbszDflMv8gf8jFk9SdJOLk7qNaPuEg/tFAfUYcM="}},"+Ho4O380phnk/Yzvi6JnzRcSFNVAvxCxvTqfh6Et1ts=":{"valueMac":{"type":"Buffer","data":"ZEGeAL079mFY1hy/DDLNf8Rs04yCEamo+dQe8u2t/oc="}},"/JWfZux3yG3GKslLRzGvdITN0d7A5YIsLCFzrPZ5b7Q=":{"valueMac":{"type":"Buffer","data":"o+FvzNj3RLVbJSUlY2qktAPQwULoOlgPzTw7LX68UcQ="}},"sUHhWRh53RwXQaq+dtZCbOEdNyduRJHpBLAOslRfBxw=":{"valueMac":{"type":"Buffer","data":"DQF4tpabqwd4jtY7q3G5ozTJ3GrtjluJ+q7rRR4aSW8="}},"Rl7gYHiqqjP5bU1Gq/ZkYkDRI4kOzvL9hRImeoF5wRQ=":{"valueMac":{"type":"Buffer","data":"E5HFCZu6obQA0Mueb+5mJ5KFUoLT9DeeCah2ZqAXxbs="}},"EF757drDvqC8JydgEbDdpwwUp6KxH1+DLUs6oXD4v18=":{"valueMac":{"type":"Buffer","data":"UGbnVdAtObjHQZIh8mJ+RjupxcZ/jRc7SI1G/SMsalE="}},"cNgBmDia1CQZMROu0u3jNsWdWYhylSNUMNyk3yJNvFE=":{"valueMac":{"type":"Buffer","data":"FcvJx1hNZhfkLCc0mnIe0c774BDW+4CwghtrgPYwWB4="}},"sPkiGoiBH77jYLG7gOf7ZIzDFyF4etbWRsHe60o5pWY=":{"valueMac":{"type":"Buffer","data":"VteoaZbO2edKF4tH6agaAOt93J25/XAW9J6idISSEe0="}},"RnbO7cAaVM9EZA3f7QIgoLOmiP9iFtPmyOAAvgpRbIE=":{"valueMac":{"type":"Buffer","data":"HbzYOYcLeI2VmLLCWcWXuIYeNZuXHumtJyu3LTnsFUQ="}},"bwC9dEVpb4z331z1yssSgYk7Ym3PxEm75Yd1d62ZwUw=":{"valueMac":{"type":"Buffer","data":"sxwQPoxKVh2pKGLX7f53QzGGz1ezXajxkh+rEl+hmhM="}}}}