{"version":43,"hash":{"type":"Buffer","data":"omi5Tml//PhnJQrXYoTr2ypCtNLtZjfonidg11D0sac6hwnBTW0fdkykYXXj598TGfjGyDkYEyuXFWAgyGbwWE6z3mluD3apBI9qvlsBZOrrr2FxHS0JiMTE5tmfmOGakCJWDejYh2yXp6+2ENzAm0VSdfkuAuFFnaBwsMGLkqU="},"indexValueMap":{"AQ/aOtO/4R+Anmq2zHbUoshwSDRVXTkDicVVVqKq1S4=":{"valueMac":{"type":"Buffer","data":"rH9D8ON2Ty9FgYVtr3QJRJIqlJyt8M3l9a5X3dqge/8="}},"ASb8KshOvxc33BF0ZUQaVBgAQ5HHoZziEbZ6Q9ybhLw=":{"valueMac":{"type":"Buffer","data":"pHU/pJ4PHkESoC+7BmZ2/vSuqvFbSP+rPPn2+9ZxSJk="}},"AZWRjmPeWQcdGerDe7EZL3WnY452347kmijEU4/Xo2g=":{"valueMac":{"type":"Buffer","data":"znNpXFi4sYe2MrTMhEVBWxRpquB5ivCKM1wELVnhYzg="}},"A0Xdnb8JYQ16AkpEIy67QbOBt/ds7HRZ2IxLxpIZldc=":{"valueMac":{"type":"Buffer","data":"erSrst5HjtmZuiEfNNTvkd0JHqpSwCMShPOyYR+BAwk="}},"A5POwtMtiHsS7NXG0+RnmtIkbX1/9LqAlzGNmB0n2sA=":{"valueMac":{"type":"Buffer","data":"Zr5AQqe6ajuX3S2r1idb0oXCngVw+dMLW2BYzR4DsiA="}},"DuCQuw5rmPQwegcKVun3QYgqqH81aNqT7rKsm/qjCzU=":{"valueMac":{"type":"Buffer","data":"ym6bHyelXUJm8MJ2mq2Ru9ppmz2aJkr5ugobPQNYMbE="}},"DxHPt8DDWhyyLmD4n2bpCO+JGfJzHdWS8mcPSsq6X7w=":{"valueMac":{"type":"Buffer","data":"ks0H7n0u+pMTRvG7OX7caTKSwZqOLj6HaORRDY4hfnE="}},"FnysQ/NTQkiGBSIeyqyaLtqQB4Kq44KKOi++C75NjSM=":{"valueMac":{"type":"Buffer","data":"FMJXqpsUQycR1pzvPjJ8LtCfHDGC+Hj5KRppX3I6CFw="}},"GtvCvNK36rBdd+JGKfsrPyfSb1zHF6GgEfOF6xriW7c=":{"valueMac":{"type":"Buffer","data":"U14K8yaP5owBqI3GEzinaIJh60Uj2BAJ8nr6bvRVvgY="}},"IayrxO3dnLH6n2ZbtIRENZi7eZHuj6OFW/rvO/FmV3w=":{"valueMac":{"type":"Buffer","data":"/UZ33LkRquzM0OtlEccvgPORpSoSXs3Jc1XX+tRVsdQ="}},"JxZW64dualJT1BJGqIJuJi4CT+DJnXwqa+ivpE/QmrQ=":{"valueMac":{"type":"Buffer","data":"sJMtrxBDV+O41dM8X38JdiewERkR1XFfzknVoAnmPjY="}},"KATcm9MWoZ2n3+xXCueP+qbaWnmbILDAt3oRf8zM+80=":{"valueMac":{"type":"Buffer","data":"YPhBuj7QpHZkt82SloQHOviOFxvufT+Bv+zqhcPkGYI="}},"LDiO5SFU3PSK/IbREH9VBW9z/L84azELiURr1eUERUI=":{"valueMac":{"type":"Buffer","data":"jNxja0gCOGmjR9NKKtmY3pteV8ALBJ35DGJJ08y1z9I="}},"L8SB8IxqedqAQuFzcHWqPh1xOvY6tH+lmDv/NU1xp94=":{"valueMac":{"type":"Buffer","data":"/90CgRWWPfCN8HtAU8WdFvUUeRbqKoIGgnNyrhjwPKo="}},"MxvyG/X6TgWL1rXBV94+npN3+O6Ct7qSmsQAlL4JOEc=":{"valueMac":{"type":"Buffer","data":"+CgiCEGuOOg/qlWU+etDLCiYpZjMIoD+3oHHjnwXhjk="}},"NBCyipOhpeqvz88+WoPsm4gMZY8zla9SsWsbWm3W4rg=":{"valueMac":{"type":"Buffer","data":"bayKsKpjYV20MgmrQu+SUn6Ouj+oVB0tolmOs0ysKkU="}},"O3xhI+f7DXfurBVh08PKJjGDD02+xS5FAWlmEHf6VHM=":{"valueMac":{"type":"Buffer","data":"FNYaFxjHwQDsO2iDTQhr70EOijQSXTDXgCJm1992HO0="}},"Ppf/D3X0mgB8yYcIGJbcubUt4sSuSqCZspu4PsYpX/Q=":{"valueMac":{"type":"Buffer","data":"9cYcEpzLiqhfV3rHgPk3Q4RUY0AdP0ZIsWY/dzFlkWo="}},"P/ZSO5/VaYxiGsaOKHAylh+pPL6QPuqAmerEcxPg9U8=":{"valueMac":{"type":"Buffer","data":"CCnxO+eOjSXAkuYUsRRdy2NAFOeijqKTQETndVvBiso="}},"QwHQJt2qcAiE2P20/LySjhUDxzzHgqGZ73o4BJ1s/yc=":{"valueMac":{"type":"Buffer","data":"3MkYv3dgtL/M5HXcZL+lVTHxZ0uCo98SaEwgeFNDnN4="}},"Rbpybg02nnp7tp7QC650bnaSRTbC10udD09jQWtPQC4=":{"valueMac":{"type":"Buffer","data":"3f2xvaXfWswZSbDJM6zrY9RVvKH/PbWZUKH/GZAbvv4="}},"SHgwyJ4YV07qVvTLHxPFHJN4BfpNUm7KlJmDh1URUmY=":{"valueMac":{"type":"Buffer","data":"AVMt8n0EyU/Un74Qt17e1BCCNBdgXexXb5FzOyirDhM="}},"SvH3utWecgc73g6y3vGZQvHrKskuorTnqPBITe3m4qk=":{"valueMac":{"type":"Buffer","data":"U2ZSygn0g5znE586pVXDKm8Ry1yLBt2Psdq4KQmQOP4="}},"S61+nhtfd7/KiLNm9+0mU28RAnlaLemTMgrlhPVATpw=":{"valueMac":{"type":"Buffer","data":"GBrzZb83/60Si4Z4fCZFfRWRmHIBlLq745qmfwgqMjs="}},"S9NHxpLhsDoXcfOpMW5/gDexA7plTcXmfVA5nJUjMmA=":{"valueMac":{"type":"Buffer","data":"CI+DS+r4inFth5sPLyHJoohwwsOx/+LGdLbStoA0IxI="}},"TcmRMb7Wwmm+vuxwR5A8QVP45fn9GMkfQhjMSkNAv4E=":{"valueMac":{"type":"Buffer","data":"U2+HpdcCNk/0i+06WcMYc56TSLp8FGaVkwAIV9aNAog="}},"UiJ9ZYYonEEoe+368a8s0V7Q9JUelneLKmwcY8gW35Y=":{"valueMac":{"type":"Buffer","data":"scRyCwn+rfFFTHC4SepWM2C4WwRhtURVU4MrDmkpLzA="}},"U51JV2M2p1TvTo1H2esoFPjbs/7fYX8BH1VjyIUus34=":{"valueMac":{"type":"Buffer","data":"BBZrz83hBKXwZr8N4ndQu3Swq5sT1uM+8x9lk4JD0Mo="}},"XBmisaygCo3HzzOgiBoMx0hGVmvCOGDGYPB1eW79rjw=":{"valueMac":{"type":"Buffer","data":"OFr2BbU3gRAWPxQ2EnEBZqu/e0OgQTegKALWyoz8p5A="}},"XWgGaF6c+YVWlNU77RIxeM9ty4QF9PkxM5IqQ0dQyHo=":{"valueMac":{"type":"Buffer","data":"z4V2WT2OrWzTiaEkUdq7fPRO6ri0nWtz+MbgQXbPFfI="}},"ZZJaptZQoSylXpAStJ6Fq/Gvd6HQ3JyL2XWihr6BLa0=":{"valueMac":{"type":"Buffer","data":"9ksZ5UW4arTKhGQR1fvUbqTLQsU1tDMKPBU+OqnKZ2U="}},"ZZ5jyIvtwJ20OH6KvxEJpzujx9I0vwFDx/FNBtrrtc0=":{"valueMac":{"type":"Buffer","data":"mZB3rDOU8I4PZtdklCtzkV7qtcVyZvCJwYgpny47nQ8="}},"Z+tRG2SJUMWMXdF9OuXJz96650UBmiDy5fVHTPMuay0=":{"valueMac":{"type":"Buffer","data":"ioG72+OAXpvb+wetVfngtdAY7Jtl8K32hEgBBz1+fhg="}},"aFUt152zYSJ/o4Q4ng5POSEUtFEr/e0jAyulM+aCgFw=":{"valueMac":{"type":"Buffer","data":"dX/U8GmHJX2PO3ZlonCy62X+S3gOAXZDr2HhQIdRGS4="}},"eBrIjH3cCexS4E7OM6R/NJ4yxTL9yr1SCr1iZ4ztJ5o=":{"valueMac":{"type":"Buffer","data":"SDSc0yXQvCvzarWwJfR4iUzJTXEhtCgWWvj8hdFp+MM="}},"ed8iRaFzBbm2aXI2W5nFDXzivXa1kxfpmWvqApy9cpU=":{"valueMac":{"type":"Buffer","data":"V2KDQti0fc+mA8q0ZKxns3aE0699erADiyzi33lFKDE="}},"eft+ed3MLpds3+mhPxhCVJu8UBCeiAXn5xLyEEqNMz8=":{"valueMac":{"type":"Buffer","data":"AUSUVmtqASTSUy+XMmnDXUV6ouFqYH4h+pqHez+wCKM="}},"eop/Lvz/mVvUg/XPnTRVEAGHQ0fUoG3cGl9wXynuQck=":{"valueMac":{"type":"Buffer","data":"j3anK9gvDdNY9psLiR7mJ20szwA3zhIntfen+srJr24="}},"gdJUg4K7kVJ5+sXWmnnyvKFI93H4PeIIT+9G+e9wKz4=":{"valueMac":{"type":"Buffer","data":"JFq6zzbeztoVCpSnIhZbhDJjXn2ash9B+IAXfyB8vms="}},"kxUgWyyPJwdUagegni+d6HEv9ITFxRST3WsqaOlmAPA=":{"valueMac":{"type":"Buffer","data":"QN3atOQwslKaFYrNvqtwV6oqGH1RNOgJljDmyNPLBm4="}},"mN/yrysxh0oSbAmHkpiaavrlMu8IOk8L8p2BQjjkXrE=":{"valueMac":{"type":"Buffer","data":"bxlF+yd4VHjVzBDzBauvoJQBjCvsKB6ILRWln562YvM="}},"nDFbPbdXC33DPzxVbp/YyZlZjG4Rkg1SQ5z4q3Zk4Wc=":{"valueMac":{"type":"Buffer","data":"HVTYyiKdM9zUYIA38L5/lp2kEFlFpyZywRh2FtbNBvw="}},"nNlYvOUyp+pVNb5tkmU843qYn7i4NjSdLl3b7X9hSdA=":{"valueMac":{"type":"Buffer","data":"tCAjfgUc0QuLD4ymGjI9daYXh7qAAf7TZNzlZUkfNCM="}},"nifAMstYFK0RwEiCyye4zKB8me5CJxSCHQsrRE6/lfY=":{"valueMac":{"type":"Buffer","data":"QpW/yODJolQgf8a0rK2ONB7ZqHO1HtkaajEGl74j/dw="}},"qDnvf7O0G4HkwbDsqXiRUs32/E0n1awpeXPzbbAJy2g=":{"valueMac":{"type":"Buffer","data":"i2iqwTfU9UGAcvxrguDA1ibV/IC7PWF8lCrw7+iJsYU="}},"sYI7S8DnciVO33LXu35uFQcW9L/qCknD8poM+ud8rSw=":{"valueMac":{"type":"Buffer","data":"Kuzye9vh/8DUZfgPxKk1DeZUCihtcJyXeiu5D2uQ0Ag="}},"tVoOO3/hDiaMPZUSiW3ZcPWe/G6XXpTv6tb7ppG673k=":{"valueMac":{"type":"Buffer","data":"TkNL1WEpffdheWyBp9socXayZx2iE7CGKBynh7JwZz4="}},"xkZ/D45zKp3pUIj0KB9RGHgtIkdX5CuS3SXxh0sRcMU=":{"valueMac":{"type":"Buffer","data":"cpkfaV1Iz6ssdZUVD4pjzrlL0H5qQx2o9oThiJe+OVI="}},"yBGW08J9exMkAy+/WJgcI9npSPtKZvXUlX+EwlssN0w=":{"valueMac":{"type":"Buffer","data":"1e+suiDBUtNKz1PSI1TXbz/eQFcAUu+QREBqJ5Cec9w="}},"yLrRy4sr5e/ns15R7OgRnlk69B7/nEklyxtmkg60a0U=":{"valueMac":{"type":"Buffer","data":"ey903iL0uM0CrVG4ojvHJGzqpiBiaqEGwJ87ATyfsjw="}},"yxeOC4sWK0FqDtAL6KC/zZ4kkKiQurSJEpyxsMUaZjY=":{"valueMac":{"type":"Buffer","data":"yb3lIg49Qp7Qj7aZKnLO7ed5LG+cdPUE7LOOxbXstkY="}},"zANJvcjJB71+LpV3ZOmOgKA/1VZT6jU76Mq6zkf1BMM=":{"valueMac":{"type":"Buffer","data":"rkDP019T2APdCa7mIKNXVE5nntP1kGexMrz8gix4eRA="}},"3iL9Y5G/Y3N0oKmu0D8ttIS+hDUl0Nqqy3vVMSc0MOQ=":{"valueMac":{"type":"Buffer","data":"98XsEYvDH45GjDlusnOHGuka0VSle7SIjSgaB2HnCYQ="}},"4MjXC0Xq7cFqGd7x9gchNWQ9RBRaXb9yX1VidAvQEbk=":{"valueMac":{"type":"Buffer","data":"Q29DrQMoYhrIp3XTDF+gSR74pi/HKfw9n2WhVOe3yGE="}},"9LVXIGBYAtfRrapdZw++bsWZpS0XUsPFuArpOpVBTEQ=":{"valueMac":{"type":"Buffer","data":"yE35+e7hRjkhzNH9uvO1DiCjxXDagRBDvYAhD14cc/I="}},"9L3Q+F6ZDbJWSo6RC1H+ilanWmgZvqEp/n8ebCiwbL4=":{"valueMac":{"type":"Buffer","data":"WD/+6vJgTZHUJmg5EO9vZ4yI4jERBw93k7TEaYXq9io="}},"+MG/RLOdFKNjYJV6QPvylDJogvRgbu94AToUp58wOJU=":{"valueMac":{"type":"Buffer","data":"bB2QBoW53sQaZh5hPkKy2nWq/fox9qvRQKSO29qduqw="}},"/e4+XIc72VhWAPCBp1m/mY1QxNfyca+l3Md+TkQeVdA=":{"valueMac":{"type":"Buffer","data":"87BuKmKCmBIipaR0zSBngUZErP+YpAEv0HBLUn8NDSs="}},"LKYqN5ngNXVAbU9qiIYRPpuyR70j8d4KaZAnpbN3vXA=":{"valueMac":{"type":"Buffer","data":"VpEJ6IYNbJr2nieYX96km5O+1xo040OBif4MHvCV0Vk="}},"CFlg+6JqMiBd+yviROZR8fBTb9wKS10gPVBlqBeOMdA=":{"valueMac":{"type":"Buffer","data":"Tk4wSRP9SIUvrydRpFmNUazgZtT9YkgR3riP1yO32TY="}}}}