{"noiseKey":{"private":{"type":"Buffer","data":"uHQNmmQPpSPBiTAjtD2O4B6qt6tBAD9rYcgbaa26328="},"public":{"type":"Buffer","data":"SwwN9cvPt4oKcdJM93Wzu0s4E+qLrQ+wtSGlS3++k1E="}},"pairingEphemeralKeyPair":{"private":{"type":"Buffer","data":"ELvk0/inKCWp4u1DGVN7dUO4J+Ss9qtWZP8svFABL20="},"public":{"type":"Buffer","data":"zPoUVh9Z1zldFJrwnp9D2RmSaPueY46wz3H+n/ibD3w="}},"signedIdentityKey":{"private":{"type":"Buffer","data":"kNSICWVPO1w9GuBfI3ZVXL10TlK56cqOdLi5Is8n10Q="},"public":{"type":"Buffer","data":"DMSw05cWeOanWBZEyQ7th0T0etqZgGN3qnWrS6OcjUc="}},"signedPreKey":{"keyPair":{"private":{"type":"Buffer","data":"ULRNhoASTWmxj/D5WV3bY/wGcXiumyq8T6RlQZJRdEI="},"public":{"type":"Buffer","data":"P7aXgZrKl8eUmtbZ0QBP3FRbsmY3AJDcYearz0W8eDY="}},"signature":{"type":"Buffer","data":"6gxRYD7yHFQ3E7XMOHzpojUzJhGZ3tER+gt6YC8D27Wm+MPp4pK9uo+zWNnQ4KXHNA9EWS9EY9v4oYze6Vttig=="},"keyId":1},"registrationId":140,"advSecretKey":"mL9aI3aL2CWK6CsyelrtSAQ2NxhpmGitPJwjs1oWw4s=","processedHistoryMessages":[{"key":{"remoteJid":"554899473669@s.whatsapp.net","fromMe":false,"id":"A5682581A0CBE10536E5A4C20D0480D6","participant":"","addressingMode":"pn"},"messageTimestamp":1769872884},{"key":{"remoteJid":"554899473669@s.whatsapp.net","fromMe":false,"id":"A5F69C935B57F1BAE742BF892EE61C11","participant":"","addressingMode":"pn"},"messageTimestamp":1769872885},{"key":{"remoteJid":"554899473669@s.whatsapp.net","fromMe":false,"id":"A543E6E59EF5AA893586DFA2E5D1C2FE","participant":"","addressingMode":"pn"},"messageTimestamp":1769872890},{"key":{"remoteJid":"554899473669@s.whatsapp.net","fromMe":false,"id":"A55C43F1C9532F1F545C768D15A0AEA5","participant":"","addressingMode":"pn"},"messageTimestamp":1769872891},{"key":{"remoteJid":"554899473669@s.whatsapp.net","fromMe":false,"id":"A5860D82B70C41527D574A7C5518483B","participant":"","addressingMode":"pn"},"messageTimestamp":1769872915},{"key":{"remoteJid":"554899473669@s.whatsapp.net","fromMe":false,"id":"A542C41CFA56B199A60B999E0E445237","participant":"","addressingMode":"pn"},"messageTimestamp":1769872966},{"key":{"remoteJid":"554899473669@s.whatsapp.net","fromMe":false,"id":"A54FF0D31D8E2D6E6CEAD1BD99F66F0E","participant":"","addressingMode":"pn"},"messageTimestamp":1769873019},{"key":{"remoteJid":"554899473669@s.whatsapp.net","fromMe":false,"id":"A524092EBA655F53B0AB259876EF0B7A","participant":"","addressingMode":"pn"},"messageTimestamp":1769873050},{"key":{"remoteJid":"554899473669@s.whatsapp.net","fromMe":false,"id":"A5E715FFE4004B75ED6BBF99D3E68132","participant":"","addressingMode":"pn"},"messageTimestamp":1769873095},{"key":{"remoteJid":"554899473669@s.whatsapp.net","fromMe":false,"id":"A52CC66B1B5087EA750EB7365525D1EF","participant":"","addressingMode":"pn"},"messageTimestamp":1769873150},{"key":{"remoteJid":"554899473669@s.whatsapp.net","fromMe":false,"id":"A5F1A37015B6754163606F30479B4773","participant":"","addressingMode":"pn"},"messageTimestamp":1769873181},{"key":{"remoteJid":"554899473669@s.whatsapp.net","fromMe":false,"id":"A5F830132045DDCEB3D9BD790892D933","participant":"","addressingMode":"pn"},"messageTimestamp":1769873230},{"key":{"remoteJid":"554899473669@s.whatsapp.net","fromMe":false,"id":"A5C77B35A3BA3A36BBA4E4F7831C7DF3","participant":"","addressingMode":"pn"},"messageTimestamp":1769873248}],"nextPreKeyId":818,"firstUnuploadedPreKeyId":818,"accountSyncCounter":3,"accountSettings":{"unarchiveChats":false},"registered":false,"account":{"details":"CLez7WEQ6bv4ywYYECAAKAA=","accountSignatureKey":"2noukp61XcM4+TiCXOosvfh0inDnDvsehgX2XopS1iI=","accountSignature":"T4cm5pJNu7faXLXqD/ug5hUCuTg67SyxTzpQS7dRSWdvhTXdQTYdcYaFv7NPBEymf4Rl6IuESff4uN3O8m+yCA==","deviceSignature":"S4DhIFdXiP/6x8Pgc8nSHvw+c2LdmER4jZw1j68HujD0RrGYBrRWtkpEffOI71+/IrjcnPgk6oI6eiALaU1LiA=="},"me":{"id":"554899473669:51@s.whatsapp.net","name":"Ygo Designer","lid":"226706191347739:51@lid"},"signalIdentities":[{"identifier":{"name":"226706191347739:51@lid","deviceId":0},"identifierKey":{"type":"Buffer","data":"Bdp6LpKetV3DOPk4glzqLL34dIpw5w77HoYF9l6KUtYi"}}],"platform":"smba","routingInfo":{"type":"Buffer","data":"CA0IEggC"},"lastAccountSyncTimestamp":1769873009,"lastPropHash":"4OOe1t","myAppStateKeyId":"AAAAAElD"}